Workbook

Sheet 对比总表
A1: 实测数据集解析工具与路由方案对比（224个文件）
A2: 指标 / 维度 | B2: AnyDoc | C2: Docling | D2: MarkItDown | E2: MinerU API | F2: MinerU 本地理论 | G2: Unstructured | H2: 路由1（目前质量优先路径） | I2: 理论路由2 | J2: 理论路由3 | K2: 理论路由4 | L2: 理论路由5
A3: 解析成功情况 | B3: 191/224 (85.3%) | C3: 175/224 (78.1%) | D3: 187/224 (83.5%) | E3: 224/224 (100.0%) | F3: 224/224 (100.0%) | G3: 188/224 (83.9%) | H3: 224/224 (100.0%) | I3: 224/224 (100.0%) | J3: 224/224 (100.0%) | K3: 224/224 (100.0%) | L3: 224/224 (100.0%)
A4: 覆盖质量说明 | B4: PDF无OCR失败；Office支持较好 | C4: PDF与新版Office可用（含reused结果）；旧版DOC/XLS/PPT不支持 | D4: PDF成功率高但图文处理耗时明显；旧DOC/PPT不支持 | E4: 云端MinerU覆盖最全，包含排队、解析、轮询、下载耗时 | F4: 按api明细耗时×2.4估算；成功率沿用API实测 | G4: fast策略；DOC/PPT部分失败，PDF整体成功 | H4: PDF→MinerU API；新版Office→Docling；旧版Office→AnyDoc | I4: PDF→MinerU 本地理论；新版Office→Docling；旧版Office→AnyDoc | J4: PDF→Docling；新版/旧版Office→AnyDoc | K4: PDF→MinerU API；新版/旧版Office→AnyDoc | L4: PDF→MinerU 本地理论；新版/旧版Office→AnyDoc
A5: 工具资源消耗 | B5: 约7.70 MiB | C5: 约2.692 GiB（venv+模型） | D5: 约388.81 MiB | E5: 无本地占用（云端API） | F5: 约4.77 GiB（本地venv+模型） | G5: 以本地Python依赖为主，未单列部署表 | H5: Docling + AnyDoc；MinerU API无本地占用 | I5: MinerU本地 + Docling + AnyDoc | J5: Docling + AnyDoc | K5: AnyDoc；MinerU API无本地占用 | L5: MinerU本地 + AnyDoc
A6: 耗时总时间（秒） | B6: =计算底表!F5 -> 129.715 | C6: =计算底表!H5 -> 3803.85 | D6: =计算底表!J5 -> 450.921 | E6: =计算底表!L5 -> 7701.2 | F6: =计算底表!M5 -> 18482.88 | H6: =计算底表!L2+计算底表!H3+计算底表!F4 -> 5128.829 | I6: =计算底表!M2+计算底表!H3+计算底表!F4 -> 12251.469 | J6: =计算底表!H2+计算底表!F3+计算底表!F4 -> 3782.141 | K6: =计算底表!L2+计算底表!F3+计算底表!F4 -> 5112.951 | L6: =计算底表!M2+计算底表!F3+计算底表!F4 -> 12235.591
A7: PDF耗时（秒） | B7: =计算底表!F2 -> 104.364 | C7: =计算底表!H2 -> 3756.79 | D7: =计算底表!J2 -> 429.562 | E7: =计算底表!L2 -> 5087.6 | F7: =计算底表!M2 -> 12210.24 | H7: =计算底表!L2 -> 5087.6 | I7: =计算底表!M2 -> 12210.24 | J7: =计算底表!H2 -> 3756.79 | K7: =计算底表!L2 -> 5087.6 | L7: =计算底表!M2 -> 12210.24
A8: 新版Office耗时（秒） | B8: =计算底表!F3 -> 11.282 | C8: =计算底表!H3 -> 27.16 | D8: =计算底表!J3 -> 16.289 | E8: =计算底表!L3 -> 1334 | F8: =计算底表!M3 -> 3201.6 | H8: =计算底表!H3 -> 27.16 | I8: =计算底表!H3 -> 27.16 | J8: =计算底表!F3 -> 11.282 | K8: =计算底表!F3 -> 11.282 | L8: =计算底表!F3 -> 11.282
A9: 旧版Office耗时（秒） | B9: =计算底表!F4 -> 14.069 | C9: =计算底表!H4 -> 19.89 | D9: =计算底表!J4 -> 2.397 | E9: =计算底表!L4 -> 1279.6 | F9: =计算底表!M4 -> 3071.04 | H9: =计算底表!F4 -> 14.069 | I9: =计算底表!F4 -> 14.069 | J9: =计算底表!F4 -> 14.069 | K9: =计算底表!F4 -> 14.069 | L9: =计算底表!F4 -> 14.069
A10: 其他重要耗时/口径 | B10: AnyDoc基础95565 ms + Plus图片34150 ms | C10: 累计3803.85 s | D10: 总耗时450.921 s | E10: API逐文件明细合计约7701.2 s；报告总览存在四舍五入差异 | F10: 按API逐文件明细合计×2.4 | G10: 累计90.41 s | H10: API云端排队/解析/下载计入 | I10: 本地理论=API明细×2.4 | J10: Docling PDF耗时占主导 | K10: API云端排队/解析/下载计入 | L10: 本地理论=API明细×2.4

Sheet 计算底表
A1: 文件类别 | B1: 文件数 | C1: AnyDoc成功 | D1: AnyDoc基础耗时(s) | E1: Plus图片耗时(s) | F1: AnyDoc合计耗时(s) | G1: Docling成功 | H1: Docling耗时(s) | I1: MarkItDown成功 | J1: MarkItDown耗时(s) | K1: MinerU API成功 | L1: MinerU API耗时(s) | M1: MinerU本地理论耗时(s)
A2: PDF | B2: 125 | C2: 92 | D2: 75.798 | E2: 28.566 | F2: =D2+E2 -> 104.364 | G2: 125 | H2: 3756.79 | I2: 124 | J2: 429.562 | K2: 125 | L2: 5087.6 | M2: =L2*2.4 -> 12210.24
A3: 新版Office (DOCX/XLSX) | B3: 50 | C3: 50 | D3: 9.948 | E3: 1.334 | F3: =D3+E3 -> 11.282 | G3: 50 | H3: 27.16 | I3: 50 | J3: 16.289 | K3: 50 | L3: 1334 | M3: =L3*2.4 -> 3201.6
A4: 旧版Office (DOC/XLS/PPT) | B4: 49 | C4: 49 | D4: 9.819 | E4: 4.25 | F4: =D4+E4 -> 14.069 | G4: 0 | H4: 19.89 | I4: 13 | J4: 2.397 | K4: 49 | L4: 1279.6 | M4: =L4*2.4 -> 3071.04
A5: 合计 | B5: =SUM(B2:B4) -> 224 | C5: =SUM(C2:C4) -> 191 | D5: =SUM(D2:D4) -> 95.565 | E5: =SUM(E2:E4) -> 34.15 | F5: =SUM(F2:F4) -> 129.715 | G5: =SUM(G2:G4) -> 175 | H5: =SUM(H2:H4)+0.01 -> 3803.85 | I5: =SUM(I2:I4) -> 187 | J5: =SUM(J2:J4)+2.673 -> 450.921 | K5: =SUM(K2:K4) -> 224 | L5: =SUM(L2:L4) -> 7701.2 | M5: =SUM(M2:M4) -> 18482.88

Sheet 口径与资源
A1: 口径、来源与资源占用说明
A3: 项目 | B3: 口径/数值 | C3: 来源文件 | D3: 备注 | H3: 工具 | I3: 实际磁盘占用 | J3: 部署/资源说明
A4: 数据集规模 | B4: 224个文件：PDF125 / 新版Office50 / 旧版Office49 | C4: allin6/data | D4: 新版Office=DOCX/XLSX；旧版Office=DOC/XLS/PPT | H4: Docling | I4: 约2.692 GiB | J4: Windows CPU；独立Python venv+本地模型；GPU非必需
A5: AnyDoc | B5: 成功191/224；基础95.565 s | C5: res_anydoc/解析耗时和成功与否的解析报告.md | D5: PDF成功92；新版50；旧版49 | H5: AnyDoc / Plus | I5: 约7.70 MiB | J5: Node.js + Rust原生模块；Plus复用本体并处理图片资源
A6: AnyDoc Plus | B6: 图片流程34.150 s；图片资源345；实际含图片文件16 | C6: res_anydoc_plus/解析耗时与成功报告.md | D6: 路由中AnyDoc耗时按基础+Plus图片流程 | H6: MarkItDown | I6: 约388.81 MiB | J6: Python markitdown[all]；GPU非必需
A7: Docling | B7: 报告总览成功175/224；逐文件含reused结果后PDF125、新版Office50可用 | C7: res_docling/data_解析总报告.md | D7: 旧版DOC/XLS/PPT失败；reused按已有成功结果计入路由覆盖 | H7: MinerU 本地 | I7: 约4.77 GiB | J7: Mac M5；venv约1.62 GiB + 模型约3.15 GiB；统一内存/Metal
A8: MarkItDown | B8: 成功187/224；总耗时450.921 s | C8: res_markitdown/解析耗时和成功与否的解析报告.md | D8: PDF124；新版Office50；旧版Office13 | H8: MinerU API | I8: 无本地占用 | J8: 云端排队、解析、轮询与下载计入耗时
A9: MinerU API | B9: 成功224/224；逐文件明细合计约7701.2 s | C9: res_minerU/data全部文件MinerU解析报告.md | D9: 报告总览四舍五入后写为1时55分12.5秒，分项汇总为约2时8分21.5秒；路由采用逐文件明细 | H9: 路由资源 | I9: 按所用工具相加 | J9: R1/R3约2.700 GiB；R2约7.469 GiB；R4约7.70 MiB；R5约4.778 GiB
A10: MinerU 本地理论 | B10: 各类别API明细耗时×2.4；总计约18482.88 s | C10: 用户指定规则 | D10: 理论估算，不代表本地Docker已实测 | H10: 质量提示 | I10: 组合路由成功率为文件级成功数/224 | J10: 未对内容质量做主观重评分，质量说明保留各报告的结构/兼容性结论
